<BackupInst xmlns="http://www.microsoft.com/GroupPolicy/GPOOperations/Manifest"><GPOGuid><![CDATA[{996B3F87-FC3E-4E1D-9194-77D5C77D5C22}]]></GPOGuid><GPODomain><![CDATA[security.local]]></GPODomain><GPODomainGuid><![CDATA[{1aa99723-c6bc-446c-aa05-83ce7e927986}]]></GPODomainGuid><GPODomainController><![CDATA[DC-SEC-01.security.local]]></GPODomainController><BackupTime><![CDATA[2018-11-20T04:07:21]]></BackupTime><ID><![CDATA[{C92CC433-A4EA-47B1-8B24-6FF732940E0E}]]></ID><Comment><![CDATA[]]></Comment><GPODisplayName><![CDATA[MSFT Windows Server 2019 - Member Server]]></GPODisplayName></BackupInst>
