<BackupInst xmlns="http://www.microsoft.com/GroupPolicy/GPOOperations/Manifest"><GPOGuid><![CDATA[{2F9159A7-CDD4-4891-BCBB-79232B2778BF}]]></GPOGuid><GPODomain><![CDATA[security.local]]></GPODomain><GPODomainGuid><![CDATA[{1aa99723-c6bc-446c-aa05-83ce7e927986}]]></GPODomainGuid><GPODomainController><![CDATA[DC-SEC-01.security.local]]></GPODomainController><BackupTime><![CDATA[2018-11-20T04:07:16]]></BackupTime><ID><![CDATA[{1BB77C55-578B-49B6-AE60-7D4CB8AD29AF}]]></ID><Comment><![CDATA[]]></Comment><GPODisplayName><![CDATA[MSFT Windows 10 1809 - Computer]]></GPODisplayName></BackupInst>
